﻿<?xml version="1.0" encoding="UTF-8"?>

<medialib>
	<media uid = "commercial-building-3d-architectural.jpg">
		<srcfn>commercial-building-3d-architectural.jpg</srcfn>
		<dstfn>commercial-building-3d-architectural.jpg</dstfn>
		<title>commercial-building-3d-architectural</title>
		<date>
			<year>2013</year>
			<month>3</month>
			<day>28</day>
			<hour>19</hour>
			<minute>32</minute>
			<second>48</second>
		</date>
		<srcsz>76202</srcsz>
	</media>
	<media uid = "nature-plants-palm-trees-wallpaper.jpg">
		<srcfn>nature_plants_palm_trees_wallpaper.jpg</srcfn>
		<dstfn>nature_plants_palm_trees_wallpaper.jpg</dstfn>
		<title>nature_plants_palm_trees_wallpaper</title>
		<date>
			<year>2013</year>
			<month>3</month>
			<day>28</day>
			<hour>22</hour>
			<minute>17</minute>
			<second>7</second>
		</date>
		<srcsz>63421</srcsz>
	</media>
	<media uid = "wallpaper-architecture-blue-wall.jpg">
		<srcfn>wallpaper architecture blue wall.jpg</srcfn>
		<dstfn>wallpaper-architecture-blue-wall.jpg</dstfn>
		<title>wallpaper architecture blue wall</title>
		<date>
			<year>2013</year>
			<month>3</month>
			<day>28</day>
			<hour>22</hour>
			<minute>54</minute>
			<second>27</second>
		</date>
		<srcsz>87872</srcsz>
	</media>
	<media uid = "wallpaper-stadium-night.jpg">
		<srcfn>wallpaper stadium night.jpg</srcfn>
		<dstfn>wallpaper-stadium-night.jpg</dstfn>
		<title>wallpaper stadium night</title>
		<date>
			<year>2013</year>
			<month>3</month>
			<day>28</day>
			<hour>22</hour>
			<minute>59</minute>
			<second>28</second>
		</date>
		<srcsz>102976</srcsz>
	</media>
	<media uid = "macro-wallpaper.jpg">
		<srcfn>macro_wallpaper.jpg</srcfn>
		<dstfn>macro_wallpaper.jpg</dstfn>
		<title>macro_wallpaper</title>
		<date>
			<year>2013</year>
			<month>3</month>
			<day>28</day>
			<hour>23</hour>
			<minute>2</minute>
			<second>43</second>
		</date>
		<srcsz>78897</srcsz>
	</media>
	<media uid = "wallpaper-macro-water-drop-splash.jpg">
		<srcfn>wallpaper macro water drop splash.jpg</srcfn>
		<dstfn>wallpaper-macro-water-drop-splash.jpg</dstfn>
		<title>wallpaper macro water drop splash</title>
		<date>
			<year>2013</year>
			<month>3</month>
			<day>28</day>
			<hour>23</hour>
			<minute>2</minute>
			<second>27</second>
		</date>
		<srcsz>89544</srcsz>
	</media>
	<media uid = "product-blue-ring.png">
		<srcfn>product blue ring.png</srcfn>
		<dstfn>product-blue-ring.png</dstfn>
		<title>product blue ring</title>
		<date>
			<year>2013</year>
			<month>3</month>
			<day>29</day>
			<hour>1</hour>
			<minute>4</minute>
			<second>12</second>
		</date>
		<srcsz>187896</srcsz>
	</media>
	<media uid = "product-design-clock.png">
		<srcfn>product design clock.png</srcfn>
		<dstfn>product-design-clock.png</dstfn>
		<title>product design clock</title>
		<date>
			<year>2013</year>
			<month>3</month>
			<day>29</day>
			<hour>1</hour>
			<minute>5</minute>
			<second>18</second>
		</date>
		<srcsz>188096</srcsz>
	</media>
	<media uid = "product-design-table.png">
		<srcfn>product design table.png</srcfn>
		<dstfn>product-design-table.png</dstfn>
		<title>product design table</title>
		<date>
			<year>2013</year>
			<month>3</month>
			<day>29</day>
			<hour>1</hour>
			<minute>6</minute>
			<second>19</second>
		</date>
		<srcsz>102186</srcsz>
	</media>
	<media uid = "product-watch-design.png">
		<srcfn>product watch design.png</srcfn>
		<dstfn>product-watch-design.png</dstfn>
		<title>product watch design</title>
		<date>
			<year>2013</year>
			<month>3</month>
			<day>29</day>
			<hour>1</hour>
			<minute>7</minute>
			<second>7</second>
		</date>
		<srcsz>108832</srcsz>
	</media>
	<media uid = "product-perpetual-calendar.png">
		<srcfn>product perpetual calendar.png</srcfn>
		<dstfn>product-perpetual-calendar.png</dstfn>
		<title>product perpetual calendar</title>
		<date>
			<year>2013</year>
			<month>3</month>
			<day>29</day>
			<hour>1</hour>
			<minute>6</minute>
			<second>37</second>
		</date>
		<srcsz>147414</srcsz>
	</media>
	<media uid = "product-rainbow-mugs.png">
		<srcfn>product rainbow_mugs.png</srcfn>
		<dstfn>product-rainbow-mugs.png</dstfn>
		<title>product rainbow_mugs</title>
		<date>
			<year>2013</year>
			<month>3</month>
			<day>29</day>
			<hour>1</hour>
			<minute>7</minute>
			<second>34</second>
		</date>
		<srcsz>145999</srcsz>
	</media>
	<media uid = "golden-gate-bridge-monochrome-wallpaper.jpg-2">
		<srcfn>golden_gate_bridge_monochrome_wallpaper.jpg</srcfn>
		<dstfn>golden-gate-bridge-monochrome-wallpaper-2.jpg</dstfn>
		<title>golden_gate_bridge_monochrome_wallpaper</title>
		<date>
			<year>2013</year>
			<month>3</month>
			<day>28</day>
			<hour>23</hour>
			<minute>48</minute>
			<second>4</second>
		</date>
		<srcsz>195431</srcsz>
	</media>
	<media uid = "badge-15.png">
		<srcfn>badge_15.png</srcfn>
		<dstfn>badge_15.png</dstfn>
		<title>badge_15</title>
		<date>
			<year>2012</year>
			<month>12</month>
			<day>16</day>
			<hour>19</hour>
			<minute>55</minute>
			<second>21</second>
		</date>
		<srcsz>17649</srcsz>
	</media>
	<media uid = "pic9379.tmp.jpg">
		<srcfn>pic9379.tmp.jpg</srcfn>
		<dstfn>pic9379.tmp.jpg</dstfn>
		<title>pic9379.tmp</title>
		<date>
			<year>2015</year>
			<month>8</month>
			<day>3</day>
			<hour>10</hour>
			<minute>45</minute>
			<second>21</second>
		</date>
		<srcsz>154129</srcsz>
	</media>
	<media uid = "pic5831.tmp.jpg">
		<srcfn>pic5831.tmp.jpg</srcfn>
		<dstfn>pic5831.tmp.jpg</dstfn>
		<title>pic5831.tmp</title>
		<date>
			<year>2015</year>
			<month>8</month>
			<day>3</day>
			<hour>10</hour>
			<minute>46</minute>
			<second>11</second>
		</date>
		<srcsz>103955</srcsz>
	</media>
	<media uid = "petr-ovralov-239624.jpg">
		<srcfn>petr-ovralov-239624.jpg</srcfn>
		<dstfn>petr-ovralov-239624.jpg</dstfn>
		<title>petr-ovralov-239624</title>
		<date>
			<year>2017</year>
			<month>11</month>
			<day>29</day>
			<hour>0</hour>
			<minute>46</minute>
			<second>10</second>
		</date>
		<srcsz>265045</srcsz>
	</media>
	<media uid = "erik-lucatero-251798.jpg">
		<srcfn>erik-lucatero-251798.jpg</srcfn>
		<dstfn>erik-lucatero-251798.jpg</dstfn>
		<title>erik-lucatero-251798</title>
		<date>
			<year>2017</year>
			<month>8</month>
			<day>2</day>
			<hour>22</hour>
			<minute>17</minute>
			<second>43</second>
		</date>
		<srcsz>907996</srcsz>
	</media>
	<media uid = "erik-lucatero-310633.jpg">
		<srcfn>erik-lucatero-310633.jpg</srcfn>
		<dstfn>erik-lucatero-310633.jpg</dstfn>
		<title>erik-lucatero-310633</title>
		<date>
			<year>2017</year>
			<month>8</month>
			<day>2</day>
			<hour>22</hour>
			<minute>17</minute>
			<second>47</second>
		</date>
		<srcsz>3326233</srcsz>
	</media>
	<media uid = "sweet-ice-cream-photography-89501.jpg">
		<srcfn>sweet-ice-cream-photography-89501.jpg</srcfn>
		<dstfn>sweet-ice-cream-photography-89501.jpg</dstfn>
		<title>sweet-ice-cream-photography-89501</title>
		<date>
			<year>2017</year>
			<month>11</month>
			<day>29</day>
			<hour>0</hour>
			<minute>47</minute>
			<second>16</second>
		</date>
		<srcsz>3951424</srcsz>
	</media>
	<media uid = "jez-timms-761.jpg">
		<srcfn>jez-timms-761.jpg</srcfn>
		<dstfn>jez-timms-761.jpg</dstfn>
		<title>jez-timms-761</title>
		<date>
			<year>2017</year>
			<month>11</month>
			<day>29</day>
			<hour>0</hour>
			<minute>47</minute>
			<second>21</second>
		</date>
		<srcsz>7047931</srcsz>
	</media>
</medialib>